CHROM,POS,TYPE,REF,ALT,EVIDENCE,FTYPE,STRAND,NT_POS,AA_POS,EFFECT,LOCUS_TAG,GENE,PRODUCT
NZ_CP031688.1,25983,snp,T,C,C:66 T:0
NZ_CP031688.1,140943,snp,T,G,G:152 T:0
NZ_CP031688.1,140958,snp,C,A,A:150 C:0
NZ_CP031688.1,141000,complex,ACCA,TCCG,TCCG:144 ACCA:0
NZ_CP031688.1,141012,snp,C,T,T:149 C:0
NZ_CP031688.1,141048,complex,GACG,CACA,CACA:142 GACG:0
NZ_CP031688.1,141072,snp,A,T,T:146 A:0
NZ_CP031688.1,141081,complex,ACCA,GCCG,GCCG:138 ACCA:0
NZ_CP031688.1,141090,snp,A,G,G:143 A:0
NZ_CP031688.1,141096,snp,T,C,C:137 T:0
NZ_CP031688.1,141111,snp,T,G,G:137 T:0
NZ_CP031688.1,141126,complex,TCCC,CCCT,CCCT:135 TCCC:0
NZ_CP031688.1,141189,snp,C,G,G:132 C:0
NZ_CP031688.1,141219,complex,AACGGGG,TACAGGA,TACAGGA:133 AACGGGG:0
NZ_CP031688.1,141252,snp,A,G,G:136 A:0
NZ_CP031688.1,141276,complex,TAAT,AAGA,AAGA:132 TAAT:0
NZ_CP031688.1,141309,snp,A,G,G:136 A:0
NZ_CP031688.1,141333,snp,T,G,G:133 T:0
NZ_CP031688.1,141342,snp,G,A,A:113 G:0
NZ_CP031688.1,141423,snp,T,C,C:92 T:0
NZ_CP031688.1,141468,snp,A,G,G:78 A:0
NZ_CP031688.1,141504,snp,A,G,G:58 A:0
NZ_CP031688.1,141516,snp,G,T,T:55 G:0
NZ_CP031688.1,141522,complex,ACCG,TCCA,TCCA:53 ACCG:0
NZ_CP031688.1,141543,snp,T,C,C:51 T:0
NZ_CP031688.1,141561,snp,A,T,T:47 A:0
NZ_CP031688.1,141570,snp,C,T,T:48 C:0
NZ_CP031688.1,141585,snp,C,A,A:38 C:0
NZ_CP031688.1,141606,complex,AGTT,TGTC,TGTC:35 AGTT:0
NZ_CP031688.1,141624,snp,G,A,A:35 G:0
NZ_CP031688.1,141720,snp,A,C,C:28 A:0
NZ_CP031688.1,141729,snp,A,G,G:27 A:0
NZ_CP031688.1,141761,mnp,AA,GC,GC:10 AA:0
NZ_CP031688.1,141811,complex,ATCGT,CTCGG,CTCGG:11 ATCGT:0
NZ_CP031688.1,141822,complex,GG,AA,AA:11 GG:0
NZ_CP031688.1,141839,snp,T,A,A:12 T:0
NZ_CP031688.1,141846,del,AT,A,A:10 AT:0
NZ_CP031688.1,141870,complex,AAA,GAT,GAT:16 AAA:0
NZ_CP031688.1,141888,complex,CAAC,TAAT,TAAT:19 CAAC:0
NZ_CP031688.1,141905,complex,GAATAGAGGG,AAACAGTGGC,AAACAGTGGC:19 GAATAGAGGG:0
NZ_CP031688.1,141929,snp,G,A,A:24 G:0
NZ_CP031688.1,141959,complex,ATGT,GTGC,GTGC:24 ATGT:0
NZ_CP031688.1,142004,complex,TAACA,CAACG,CAACG:26 TAACA:0
NZ_CP031688.1,142034,snp,G,A,A:34 G:0
NZ_CP031688.1,142040,complex,TCGG,GCGA,GCGA:34 TCGG:0
NZ_CP031688.1,142049,complex,CTG,TTT,TTT:33 CTG:0
NZ_CP031688.1,142121,snp,C,T,T:30 C:0
NZ_CP031688.1,142127,snp,A,T,T:30 A:0
NZ_CP031688.1,142139,snp,A,G,G:30 A:0
NZ_CP031688.1,142155,snp,C,T,T:27 C:0
NZ_CP031688.1,142179,snp,T,C,C:27 T:0
NZ_CP031688.1,142195,mnp,GA,AG,AG:23 GA:0
NZ_CP031688.1,142201,snp,G,T,T:27 G:0
NZ_CP031688.1,142238,snp,G,A,A:27 G:0
NZ_CP031688.1,142244,snp,T,C,C:27 T:0
NZ_CP031688.1,142250,snp,A,C,C:24 A:0
NZ_CP031688.1,142274,snp,A,T,T:29 A:0
NZ_CP031688.1,142328,mnp,AA,CT,CT:40 AA:0
NZ_CP031688.1,142352,snp,A,G,G:40 A:0
NZ_CP031688.1,142365,complex,TCA,GCT,GCT:50 TCA:0
NZ_CP031688.1,142381,snp,T,G,G:54 T:0
NZ_CP031688.1,142400,snp,T,G,G:56 T:0
NZ_CP031688.1,142420,complex,TGCGA,CGCGG,CGCGG:60 TGCGA:0
NZ_CP031688.1,142443,snp,A,G,G:65 A:0
NZ_CP031688.1,142459,ins,A,AAGG,AAGG:61 A:1
NZ_CP031688.1,142654,snp,T,C,C:26 T:0
NZ_CP031688.1,142997,snp,C,T,T:18 C:0
NZ_CP031688.1,143046,complex,TGAAAGAACG,AGAGAGCACA,AGAGAGCACA:25 TGAAAGAACG:0
NZ_CP031688.1,143070,snp,G,A,A:29 G:0
NZ_CP031688.1,143150,complex,CGGGCACG,TGGGTACA,TGGGTACA:24 CGGGCACG:0
NZ_CP031688.1,143169,snp,G,A,A:26 G:0
NZ_CP031688.1,143237,snp,G,A,A:31 G:0
NZ_CP031688.1,143265,complex,CG,TA,TA:38 CG:0
NZ_CP031688.1,143274,snp,C,T,T:39 C:0
NZ_CP031688.1,143287,complex,TAAT,AAAC,AAAC:43 TAAT:0
NZ_CP031688.1,143296,snp,G,A,A:45 G:0
NZ_CP031688.1,143331,snp,G,A,A:63 G:0
NZ_CP031688.1,143374,snp,G,A,A:65 G:0
NZ_CP031688.1,143386,complex,ATAT,GTGC,GTGC:61 ATAT:0
NZ_CP031688.1,143427,snp,C,T,T:97 C:0
NZ_CP031688.1,143437,snp,C,T,T:103 C:0
NZ_CP031688.1,143445,snp,C,T,T:105 C:0
NZ_CP031688.1,143463,complex,TACAGGT,AACAAAC,AACAAAC:109 TACAGGT:0
NZ_CP031688.1,143484,snp,T,G,G:131 T:0
NZ_CP031688.1,143500,snp,A,C,C:136 A:0
NZ_CP031688.1,143517,snp,G,A,A:156 G:0
NZ_CP031688.1,143535,snp,T,C,C:166 T:0
NZ_CP031688.1,143568,snp,T,C,C:175 T:0
NZ_CP031688.1,143586,snp,A,G,G:193 A:0
NZ_CP031688.1,143601,snp,A,C,C:187 A:0
NZ_CP031688.1,143662,snp,C,T,T:191 C:0
NZ_CP031688.1,143667,snp,G,C,C:192 G:0
NZ_CP031688.1,143682,snp,A,G,G:194 A:0
NZ_CP031688.1,143691,mnp,AG,GA,GA:189 AG:0
NZ_CP031688.1,143700,snp,T,A,A:193 T:0
NZ_CP031688.1,143715,complex,CACA,TACT,TACT:191 CACA:0
NZ_CP031688.1,143733,complex,CTCTC,ATCAA,ATCAA:170 CTCTC:0
NZ_CP031688.1,143790,complex,AGTT,GGTG,GGTG:174 AGTT:0
NZ_CP031688.1,143833,snp,T,C,C:170 T:0
NZ_CP031688.1,143838,snp,A,G,G:175 A:0
NZ_CP031688.1,143844,snp,C,T,T:163 C:0
NZ_CP031688.1,143850,snp,C,T,T:156 C:0
NZ_CP031688.1,143886,snp,C,T,T:159 C:0
NZ_CP031688.1,143898,snp,A,C,C:152 A:1
NZ_CP031688.1,143904,snp,C,T,T:153 C:0
NZ_CP031688.1,143931,snp,G,T,T:169 G:0
NZ_CP031688.1,143946,snp,T,G,G:171 T:0
NZ_CP031688.1,143971,complex,TTG,CTA,CTA:179 TTG:0
NZ_CP031688.1,143982,snp,C,A,A:187 C:0
NZ_CP031688.1,143988,snp,T,C,C:171 T:0
NZ_CP031688.1,144015,snp,G,A,A:162 G:0
NZ_CP031688.1,144024,complex,AGAATTA,GGAACTG,GGAACTG:158 AGAATTA:0
NZ_CP031688.1,144042,snp,T,G,G:147 T:0
NZ_CP031688.1,144072,snp,A,T,T:149 A:0
NZ_CP031688.1,144079,snp,A,C,C:147 A:0
NZ_CP031688.1,144127,snp,A,G,G:136 A:0
NZ_CP031688.1,144148,snp,G,C,C:128 G:0
NZ_CP031688.1,144174,snp,C,G,G:123 C:0
NZ_CP031688.1,144183,snp,T,C,C:126 T:0
NZ_CP031688.1,144246,complex,TTCTATTACT,CTCCATAACC,CTCCATAACC:108 TTCTATTACT:0
NZ_CP031688.1,144270,snp,A,G,G:110 A:0
NZ_CP031688.1,144276,snp,A,G,G:110 A:0
NZ_CP031688.1,144282,snp,A,G,G:103 A:0
NZ_CP031688.1,144296,snp,T,C,C:102 T:0
NZ_CP031688.1,144305,complex,CAGC,AAGA,AAGA:95 CAGC:0
NZ_CP031688.1,144312,del,AAATTCGATAGAAAAT,A,A:77 AAATTCGATAGAAAAT:0
NZ_CP031688.1,144336,snp,A,G,G:99 A:0
NZ_CP031688.1,144360,snp,T,C,C:103 T:0
NZ_CP031688.1,144369,snp,T,A,A:104 T:0
NZ_CP031688.1,144404,snp,T,C,C:98 T:0
NZ_CP031688.1,144420,complex,GCTGAATG,ACTCAATA,ACTCAATA:82 GCTGAATG:0
NZ_CP031688.1,144447,snp,C,G,G:89 C:0
NZ_CP031688.1,144462,snp,C,T,T:85 C:0
NZ_CP031688.1,144468,mnp,TA,CG,CG:77 TA:0
NZ_CP031688.1,144483,snp,G,T,T:76 G:0
NZ_CP031688.1,144498,snp,C,A,A:80 C:0
NZ_CP031688.1,144561,snp,A,G,G:76 A:0
NZ_CP031688.1,144592,complex,TCTGCA,GCGGCT,GCGGCT:74 TCTGCA:0
NZ_CP031688.1,144606,snp,T,C,C:74 T:0
NZ_CP031688.1,144622,complex,AAT,GAC,GAC:69 AAT:0
NZ_CP031688.1,144663,snp,T,C,C:75 T:0
NZ_CP031688.1,144715,snp,C,T,T:91 C:0
NZ_CP031688.1,144735,snp,C,T,T:99 C:0
NZ_CP031688.1,144741,snp,T,G,G:94 T:0
NZ_CP031688.1,144768,snp,T,C,C:104 T:0
NZ_CP031688.1,144783,snp,G,T,T:103 G:0
NZ_CP031688.1,144789,snp,G,A,A:104 G:0
NZ_CP031688.1,144795,complex,AGA,CGC,CGC:103 AGA:0
NZ_CP031688.1,144810,complex,TGCA,CGCT,CGCT:100 TGCA:0
NZ_CP031688.1,144822,complex,GAAAGGC,AAAAAAT,AAAAAAT:99 GAAAGGC:0
NZ_CP031688.1,144867,snp,A,T,T:106 A:0
NZ_CP031688.1,144876,snp,G,A,A:102 G:0
NZ_CP031688.1,144888,snp,A,G,G:102 A:0
NZ_CP031688.1,144897,snp,C,A,A:101 C:0
NZ_CP031688.1,144909,snp,G,A,A:99 G:0
NZ_CP031688.1,144928,snp,C,T,T:97 C:0
NZ_CP031688.1,144934,snp,G,C,C:91 G:0
NZ_CP031688.1,145030,complex,GATT,AATG,AATG:67 GATT:0
NZ_CP031688.1,145044,snp,A,G,G:71 A:0
NZ_CP031688.1,145065,snp,G,A,A:75 G:0
NZ_CP031688.1,145097,snp,C,A,A:84 C:0
NZ_CP031688.1,145104,complex,GGGG,AGGT,AGGT:87 GGGG:0
NZ_CP031688.1,145125,snp,C,T,T:91 C:0
NZ_CP031688.1,145155,snp,T,C,C:95 T:0
NZ_CP031688.1,145167,snp,G,C,C:94 G:0
NZ_CP031688.1,145174,snp,G,A,A:102 G:0
NZ_CP031688.1,145188,snp,A,G,G:105 A:0
NZ_CP031688.1,145254,snp,A,C,C:104 A:0
NZ_CP031688.1,145266,snp,T,C,C:96 T:0
NZ_CP031688.1,145278,complex,CTTAAGT,GTTGAGC,GTTGAGC:97 CTTAAGT:0
NZ_CP031688.1,145341,snp,C,A,A:116 C:0
NZ_CP031688.1,145368,complex,AGTTACG,GGTGACA,GGTGACA:111 AGTTACG:0
NZ_CP031688.1,145383,snp,G,A,A:115 G:0
NZ_CP031688.1,145408,snp,C,T,T:119 C:0
NZ_CP031688.1,145422,snp,A,G,G:114 A:0
NZ_CP031688.1,145437,snp,G,A,A:117 G:0
NZ_CP031688.1,145467,snp,G,A,A:122 G:0
NZ_CP031688.1,145482,snp,G,T,T:131 G:0
NZ_CP031688.1,145491,snp,C,T,T:126 C:0
NZ_CP031688.1,145513,snp,T,C,C:124 T:0
NZ_CP031688.1,145527,snp,G,A,A:117 G:0
NZ_CP031688.1,145536,snp,C,T,T:123 C:0
NZ_CP031688.1,145548,snp,T,C,C:122 T:0
NZ_CP031688.1,145584,snp,C,T,T:136 C:0
NZ_CP031688.1,145596,snp,A,T,T:128 A:0
NZ_CP031688.1,145659,snp,A,G,G:123 A:0
NZ_CP031688.1,145683,snp,A,G,G:122 A:0
NZ_CP031688.1,145713,complex,GGG,TGA,TGA:118 GGG:0
NZ_CP031688.1,145722,snp,C,T,T:114 C:0
NZ_CP031688.1,145728,snp,A,T,T:114 A:0
NZ_CP031688.1,145735,snp,C,A,A:116 C:0
NZ_CP031688.1,145767,complex,CCCTGGC,TCCGAGT,TCCGAGT:100 CCCTGGC:0
NZ_CP031688.1,145791,snp,T,C,C:112 T:0
NZ_CP031688.1,145834,snp,C,T,T:97 C:0
NZ_CP031688.1,145866,snp,T,C,C:91 T:0
NZ_CP031688.1,145878,snp,T,C,C:87 T:0
NZ_CP031688.1,145896,snp,A,G,G:85 A:0
NZ_CP031688.1,145914,snp,C,A,A:82 C:0
NZ_CP031688.1,145935,snp,G,A,A:81 G:0
NZ_CP031688.1,145959,snp,A,G,G:71 A:0
NZ_CP031688.1,145980,complex,CATCCG,AATCTA,AATCTA:60 CATCCG:0
NZ_CP031688.1,145995,complex,AGAT,CGAC,CGAC:72 AGAT:0
NZ_CP031688.1,146060,snp,C,A,A:48 C:0
NZ_CP031688.1,146066,complex,ATAGCGAGCACATCAAAAC,TCCGTGAACAAATTAAACA,TCCGTGAACAAATTAAACA:42 ATAGCGAGCACATCAAAAC:0
NZ_CP031688.1,146095,complex,AGCGCGGCT,GATGCATCG,GATGCATCG:44 AGCGCGGCT:0
NZ_CP031688.1,146118,snp,A,G,G:47 A:0
NZ_CP031688.1,146124,complex,TGTG,CGTA,CGTA:47 TGTG:0
NZ_CP031688.1,146133,snp,A,C,C:47 A:0
NZ_CP031688.1,146139,complex,TGGA,AGGT,AGGT:52 TGGA:0
NZ_CP031688.1,146174,snp,G,A,A:55 G:0
NZ_CP031688.1,146179,snp,T,G,G:54 T:0
NZ_CP031688.1,149891,snp,C,A,A:82 C:0
NZ_CP031688.1,220328,del,ACTGTG,A,A:11 ACTGTG:0
NZ_CP031688.1,244928,snp,A,G,G:117 A:0
NZ_CP031688.1,392736,snp,C,T,T:120 C:0
NZ_CP031688.1,571375,snp,C,T,T:122 C:0
NZ_CP031688.1,584434,snp,G,A,A:88 G:0
NZ_CP031688.1,616154,snp,A,G,G:87 A:0
NZ_CP031688.1,616192,snp,A,T,T:88 A:0
NZ_CP031688.1,616198,snp,A,C,C:88 A:0
NZ_CP031688.1,616225,snp,G,A,A:74 G:0
NZ_CP031688.1,616273,snp,A,G,G:77 A:0
NZ_CP031688.1,616312,snp,A,G,G:72 A:0
NZ_CP031688.1,616357,snp,G,T,T:83 G:0
NZ_CP031688.1,616378,complex,AGGA,TGGG,TGGG:80 AGGA:0
NZ_CP031688.1,616405,snp,G,T,T:79 G:0
NZ_CP031688.1,616412,snp,G,C,C:77 G:0
NZ_CP031688.1,616420,snp,C,T,T:78 C:0
NZ_CP031688.1,616430,snp,G,T,T:77 G:0
NZ_CP031688.1,616474,snp,G,A,A:84 G:0
NZ_CP031688.1,616480,snp,T,A,A:79 T:0
NZ_CP031688.1,616499,snp,G,A,A:77 G:0
NZ_CP031688.1,616533,snp,C,T,T:69 C:0
NZ_CP031688.1,616540,snp,T,C,C:65 T:0
NZ_CP031688.1,616579,snp,A,G,G:57 A:0
NZ_CP031688.1,616588,snp,T,G,G:56 T:0
NZ_CP031688.1,616627,snp,C,T,T:27 C:0
NZ_CP031688.1,616660,complex,CCGTCCCACTGGCGAGGGG,TCGCCCGACGGGGGAAGGA,TCGCCCGACGGGGGAAGGA:21 CCGTCCCACTGGCGAGGGG:0
NZ_CP031688.1,616715,ins,G,GT,GT:12 G:0
NZ_CP031688.1,616739,snp,G,T,T:11 G:0
NZ_CP031688.1,616744,del,GA,G,G:12 GA:0
NZ_CP031688.1,616939,complex,AGGG,CGGC,CGGC:20 AGGG:0
NZ_CP031688.1,617044,snp,T,C,C:47 T:0
NZ_CP031688.1,617056,snp,T,C,C:50 T:0
NZ_CP031688.1,617067,complex,AAAGA,CAAGG,CAAGG:54 AAAGA:0
NZ_CP031688.1,617137,complex,TTC,CTT,CTT:60 TTC:0
NZ_CP031688.1,617145,complex,TTTCAT,CTTCGA,CTTCGA:59 TTTCAT:0
NZ_CP031688.1,617209,snp,C,T,T:54 C:0
NZ_CP031688.1,617268,snp,A,G,G:41 A:0
NZ_CP031688.1,617277,snp,T,C,C:42 T:0
NZ_CP031688.1,617287,complex,CCCCGCCAC,ACTTGCCTT,ACTTGCCTT:36 CCCCGCCAC:0
NZ_CP031688.1,617300,complex,TCCTTTTTTC,ACATTTGCTT,ACATTTGCTT:36 TCCTTTTTTC:0
NZ_CP031688.1,617338,snp,G,A,A:42 G:0
NZ_CP031688.1,617344,complex,GTCC,ATCT,ATCT:43 GTCC:0
NZ_CP031688.1,617459,snp,T,G,G:38 T:0
NZ_CP031688.1,617472,snp,T,G,G:28 T:0
NZ_CP031688.1,617481,complex,CATGAATTTTTGTTTGTGAATC,TATCAATAAATTTGAGTGGTTCTTGCTG,TATCAATAAATTTGAGTGGTTCTTGCTG:27 CATGAATTTTTGTTTGTGAATC:0
NZ_CP031688.1,617507,del,GCTT,G,G:26 GCTT:0
NZ_CP031688.1,617517,complex,CTTGTTGTATTTGC,TATTTTTTACTTGG,TATTTTTTACTTGG:27 CTTGTTGTATTTGC:0
NZ_CP031688.1,617538,snp,G,T,T:41 G:0
NZ_CP031688.1,617543,snp,C,G,G:43 C:0
NZ_CP031688.1,617549,snp,A,G,G:43 A:0
NZ_CP031688.1,617556,snp,T,G,G:45 T:0
NZ_CP031688.1,617581,snp,G,T,T:47 G:0
NZ_CP031688.1,617666,snp,C,G,G:37 C:0
NZ_CP031688.1,617752,snp,A,G,G:23 A:0
NZ_CP031688.1,617761,snp,G,A,A:23 G:0
NZ_CP031688.1,617812,snp,G,A,A:21 G:0
NZ_CP031688.1,618250,snp,T,C,C:19 T:0
NZ_CP031688.1,618294,snp,A,C,C:21 A:0
NZ_CP031688.1,618316,snp,A,C,C:18 A:0
NZ_CP031688.1,618434,snp,T,A,A:68 T:0
NZ_CP031688.1,618469,complex,TGGCT,CTGCG,CTGCG:71 TGGCT:0
NZ_CP031688.1,618487,snp,C,T,T:74 C:0
NZ_CP031688.1,618503,snp,C,T,T:75 C:0
NZ_CP031688.1,618557,snp,T,C,C:80 T:0
NZ_CP031688.1,618572,snp,C,T,T:81 C:0
NZ_CP031688.1,618578,snp,T,C,C:82 T:0
NZ_CP031688.1,618658,snp,G,A,A:84 G:0
NZ_CP031688.1,618736,snp,C,T,T:71 C:0
NZ_CP031688.1,618762,snp,T,C,C:79 T:0
NZ_CP031688.1,618775,complex,GCGCTTT,ACGTTTC,ACGTTTC:71 GCGCTTT:0
NZ_CP031688.1,618786,complex,CC,GG,GG:73 CC:0
NZ_CP031688.1,618895,snp,C,T,T:85 C:0
NZ_CP031688.1,618904,snp,C,T,T:84 C:0
NZ_CP031688.1,618946,snp,A,G,G:86 A:0
NZ_CP031688.1,618955,snp,C,T,T:97 C:0
NZ_CP031688.1,618964,snp,C,T,T:100 C:0
NZ_CP031688.1,618973,complex,AGT,GGA,GGA:100 AGT:0
NZ_CP031688.1,619075,snp,T,C,C:91 T:0
NZ_CP031688.1,619084,snp,G,A,A:99 G:0
NZ_CP031688.1,619090,snp,A,T,T:100 A:0
NZ_CP031688.1,619100,snp,T,C,C:92 T:0
NZ_CP031688.1,619132,snp,T,C,C:94 T:0
NZ_CP031688.1,619147,snp,G,A,A:97 G:0
NZ_CP031688.1,619159,snp,A,G,G:97 A:0
NZ_CP031688.1,619220,snp,G,A,A:115 G:0
NZ_CP031688.1,619234,snp,T,C,C:112 T:0
NZ_CP031688.1,619249,snp,T,C,C:110 T:0
NZ_CP031688.1,619267,snp,A,G,G:104 A:0
NZ_CP031688.1,619331,snp,A,G,G:102 A:0
NZ_CP031688.1,619366,snp,G,A,A:101 G:0
NZ_CP031688.1,619392,snp,G,C,C:99 G:0
NZ_CP031688.1,619405,snp,T,C,C:102 T:0
NZ_CP031688.1,619510,snp,A,T,T:84 A:0
NZ_CP031688.1,619515,mnp,TT,CA,CA:81 TT:0
NZ_CP031688.1,619697,mnp,CG,TT,TT:114 CG:0
NZ_CP031688.1,619732,snp,A,G,G:116 A:0
NZ_CP031688.1,619738,snp,C,T,T:119 C:0
NZ_CP031688.1,619746,mnp,CA,AG,AG:119 CA:0
NZ_CP031688.1,619811,snp,G,C,C:128 G:0
NZ_CP031688.1,619843,complex,CCCT,TCCC,TCCC:104 CCCT:0
NZ_CP031688.1,619876,snp,G,T,T:107 G:0
NZ_CP031688.1,619915,complex,GAGTTCA,TAATTCG,TAATTCG:91 GAGTTCA:0
NZ_CP031688.1,619941,snp,G,T,T:98 G:0
NZ_CP031688.1,619948,snp,A,T,T:89 A:0
NZ_CP031688.1,619963,snp,G,A,A:80 G:0
NZ_CP031688.1,620023,snp,C,T,T:65 C:0
NZ_CP031688.1,620074,snp,T,C,C:53 T:0
NZ_CP031688.1,620089,snp,T,C,C:50 T:0
NZ_CP031688.1,620104,snp,G,A,A:40 G:0
NZ_CP031688.1,620113,complex,AAGC,GAGT,GAGT:39 AAGC:0
NZ_CP031688.1,620128,snp,T,C,C:39 T:0
NZ_CP031688.1,620273,snp,G,A,A:21 G:0
NZ_CP031688.1,732151,snp,T,C,C:157 T:0
NZ_CP031688.1,773170,snp,G,A,A:31 G:0
NZ_CP031688.1,774471,snp,C,A,A:136 C:0
NZ_CP031688.1,790277,snp,T,C,C:16 T:0
NZ_CP031688.1,800891,snp,T,C,C:97 T:0
NZ_CP031688.1,927899,ins,T,TTAC,TTAC:16 T:0
NZ_CP031688.1,928130,snp,C,T,T:30 C:0
NZ_CP031688.1,928379,complex,CACCAG,TAC,TAC:54 CACCAG:0
NZ_CP031688.1,928391,complex,CAGCAGC,GAGGATT,GAGGATT:54 CAGCAGC:0
NZ_CP031688.1,928408,complex,CC,GT,GT:56 CC:0
NZ_CP031688.1,928424,snp,A,G,G:65 A:0
NZ_CP031688.1,928507,snp,A,G,G:70 A:0
NZ_CP031688.1,928629,snp,A,G,G:105 A:0
NZ_CP031688.1,934828,snp,T,C,C:20 T:0
NZ_CP031688.1,934840,snp,G,C,C:21 G:0
NZ_CP031688.1,934850,snp,A,G,G:23 A:0
NZ_CP031688.1,934864,snp,G,A,A:23 G:0
NZ_CP031688.1,934930,snp,T,C,C:37 T:0
NZ_CP031688.1,934937,complex,CTAAG,TTAAA,TTAAA:38 CTAAG:0
NZ_CP031688.1,935069,complex,GA,AC,AC:43 GA:0
NZ_CP031688.1,935275,snp,C,T,T:70 C:0
NZ_CP031688.1,935301,snp,G,A,A:71 G:0
NZ_CP031688.1,935395,snp,A,G,G:89 A:0
NZ_CP031688.1,935404,snp,C,G,G:88 C:0
NZ_CP031688.1,935458,snp,A,G,G:89 A:0
NZ_CP031688.1,935683,complex,AGGA,TGGT,TGGT:54 AGGA:0
NZ_CP031688.1,935692,snp,A,T,T:59 A:0
NZ_CP031688.1,935808,snp,A,G,G:55 A:0
NZ_CP031688.1,935823,snp,G,T,T:56 G:0
NZ_CP031688.1,935892,snp,C,T,T:64 C:0
NZ_CP031688.1,935910,complex,CACT,AACA,AACA:73 CACT:0
NZ_CP031688.1,936225,snp,A,G,G:72 A:0
NZ_CP031688.1,936240,snp,G,A,A:73 G:0
NZ_CP031688.1,936303,snp,A,G,G:75 A:0
NZ_CP031688.1,936372,snp,G,A,A:64 G:0
NZ_CP031688.1,936423,mnp,TT,AC,AC:60 TT:0
NZ_CP031688.1,936527,complex,ATCCAA,GTACTGC,GTACTGC:38 ATCCAA:0
NZ_CP031688.1,936536,ins,T,TA,TA:42 T:0
NZ_CP031688.1,936581,snp,G,A,A:54 G:0
NZ_CP031688.1,936591,snp,C,A,A:54 C:0
NZ_CP031688.1,936675,snp,T,C,C:67 T:0
NZ_CP031688.1,936706,snp,T,G,G:70 T:0
NZ_CP031688.1,936745,snp,G,A,A:77 G:0
NZ_CP031688.1,936802,complex,TGTG,CGCA,CGCA:84 TGTG:0
NZ_CP031688.1,936895,snp,T,C,C:89 T:0
NZ_CP031688.1,937071,snp,G,A,A:113 G:0
NZ_CP031688.1,937102,snp,C,T,T:113 C:0
NZ_CP031688.1,937135,snp,A,G,G:118 A:0
NZ_CP031688.1,937141,complex,TGTA,AGTG,AGTG:120 TGTA:0
NZ_CP031688.1,937216,snp,T,C,C:101 T:0
NZ_CP031688.1,937372,snp,G,A,A:90 G:0
NZ_CP031688.1,937390,snp,A,G,G:106 A:0
NZ_CP031688.1,937396,snp,T,C,C:108 T:0
NZ_CP031688.1,937465,complex,AACC,GACT,GACT:106 AACC:0
NZ_CP031688.1,937528,snp,A,G,G:120 A:0
NZ_CP031688.1,937538,snp,C,T,T:128 C:0
NZ_CP031688.1,937786,snp,T,C,C:142 T:0
NZ_CP031688.1,937852,snp,A,C,C:125 A:0
NZ_CP031688.1,937906,snp,C,T,T:91 C:0
NZ_CP031688.1,937997,complex,CGAT,TGAG,TGAG:36 CGAT:0
NZ_CP031688.1,938050,snp,C,A,A:26 C:0
NZ_CP031688.1,948041,snp,G,A,A:86 G:0
NZ_CP031688.1,1063756,ins,T,TG,TG:75 T:0
NZ_CP031688.1,1091018,snp,A,G,G:103 A:0
NZ_CP031688.1,1102304,snp,G,T,T:40 G:0
NZ_CP031688.1,1147296,snp,G,A,A:20 G:0
NZ_CP031688.1,1261235,ins,A,AG,AG:78 A:0
NZ_CP031688.1,1264509,snp,A,C,C:81 A:0
NZ_CP031688.1,1285424,snp,T,C,C:31 T:0
NZ_CP031688.1,1517486,snp,T,C,C:107 T:0
NZ_CP031688.1,1549124,ins,C,CG,CG:69 C:0
NZ_CP031688.1,1578314,snp,A,G,G:93 A:0
NZ_CP031688.1,1584046,snp,A,C,C:162 A:0
NZ_CP031688.1,1677340,snp,C,A,A:44 C:0
NZ_CP031688.1,1719691,snp,C,A,A:36 C:0
NZ_CP031688.1,1719997,snp,T,C,C:70 T:0
NZ_CP031688.1,1720034,snp,G,A,A:56 G:0
NZ_CP031688.1,1720060,snp,C,T,T:53 C:0
NZ_CP031688.1,1720486,snp,T,C,C:98 T:0
NZ_CP031688.1,1720642,snp,A,C,C:84 A:0
NZ_CP031688.1,1720705,snp,T,C,C:81 T:0
NZ_CP031688.1,1720750,snp,A,G,G:87 A:0
NZ_CP031688.1,1720818,snp,A,C,C:74 A:0
NZ_CP031688.1,1720827,snp,G,A,A:73 G:0
NZ_CP031688.1,1720834,snp,C,A,A:78 C:0
NZ_CP031688.1,1720840,complex,GGGA,CGGC,CGGC:71 GGGA:0
NZ_CP031688.1,1720851,complex,CA,TG,TG:68 CA:0
NZ_CP031688.1,1720859,complex,TCT,GCC,GCC:67 TCT:0
NZ_CP031688.1,1720996,snp,T,C,C:51 T:0
NZ_CP031688.1,1721008,snp,C,T,T:48 C:0
NZ_CP031688.1,1721131,snp,A,T,T:46 A:0
NZ_CP031688.1,1721139,complex,TTG,CAC,CAC:47 TTG:0
NZ_CP031688.1,1721166,snp,A,C,C:54 A:0
NZ_CP031688.1,1721179,snp,A,C,C:53 A:0
NZ_CP031688.1,1721197,complex,CAAA,TAAC,TAAC:52 CAAA:0
NZ_CP031688.1,1721216,snp,C,T,T:59 C:0
NZ_CP031688.1,1721227,complex,TGGC,AGGG,AGGG:58 TGGC:0
NZ_CP031688.1,1721239,snp,T,C,C:55 T:0
NZ_CP031688.1,1721257,complex,ACCG,TCCT,TCCT:51 ACCG:0
NZ_CP031688.1,1721275,snp,A,G,G:47 A:0
NZ_CP031688.1,1721283,snp,T,C,C:49 T:0
NZ_CP031688.1,1721302,snp,G,A,A:44 G:0
NZ_CP031688.1,1721311,snp,C,T,T:43 C:0
NZ_CP031688.1,1721344,snp,T,A,A:41 T:0
NZ_CP031688.1,1721374,complex,CGCTGTTCCC,TGCCGTACCT,TGCCGTACCT:39 CGCTGTTCCC:0
NZ_CP031688.1,1721389,snp,C,T,T:44 C:0
NZ_CP031688.1,1721395,snp,A,G,G:43 A:0
NZ_CP031688.1,1721410,snp,T,C,C:48 T:0
NZ_CP031688.1,1721417,snp,A,G,G:43 A:0
NZ_CP031688.1,1721452,snp,C,T,T:45 C:0
NZ_CP031688.1,1721458,complex,GATG,AATA,AATA:50 GATG:0
NZ_CP031688.1,1721467,snp,G,A,A:50 G:0
NZ_CP031688.1,1721485,complex,CACG,AACC,AACC:50 CACG:0
NZ_CP031688.1,1721494,snp,T,C,C:52 T:0
NZ_CP031688.1,1721500,snp,G,A,A:49 G:0
NZ_CP031688.1,1721512,snp,G,A,A:48 G:0
NZ_CP031688.1,1721527,snp,C,A,A:60 C:0
NZ_CP031688.1,1721533,snp,A,G,G:58 A:0
NZ_CP031688.1,1721545,snp,A,G,G:64 A:0
NZ_CP031688.1,1721557,snp,T,G,G:74 T:0
NZ_CP031688.1,1721566,complex,TGCC,GGCA,GGCA:82 TGCC:0
NZ_CP031688.1,1721587,snp,C,T,T:83 C:0
NZ_CP031688.1,1721602,snp,G,A,A:91 G:0
NZ_CP031688.1,1721626,snp,T,C,C:97 T:0
NZ_CP031688.1,1721650,snp,G,A,A:103 G:0
NZ_CP031688.1,1721656,snp,G,A,A:106 G:0
